timestamp_ns,symbol,side,fill_price,fill_qty,position_after,realized_pnl
14404325319533,TSLA,BUY,6459989,13,13,0
14404882047526,TSLA,BUY,6459976,64,77,0
14405477699811,GOOGL,BUY,14417802,18,18,0
14406436395699,GOOGL,BUY,14418878,9,27,0
14408487600433,TSLA,BUY,6459906,8,85,0
14412801517032,AMZN,BUY,18539989,20,20,0
14412937152109,AAPL,BUY,3217989,30,30,0
14413036758933,MSFT,BUY,1745985,100,100,0
14419812824890,TSLA,BUY,6459863,45,130,0
14423046022842,TSLA,BUY,6459796,3,133,0
14426861325066,AAPL,BUY,3217959,75,105,0
14426924740000,AAPL,BUY,3217869,5,110,0
14436018394871,TSLA,BUY,6459760,63,196,0
14438021338315,AAPL,BUY,3217819,15,125,0
14442494095630,TSLA,BUY,6459679,9,205,0
14443714554458,TSLA,BUY,6459629,100,305,0
14444230818819,MSFT,SELL,1727005,100,0,-1898000
14450769663997,TSLA,BUY,6438390,100,405,0
14450954526840,AAPL,BUY,3217779,4,129,0
14453889291423,TSLA,BUY,6437845,100,505,0
14457605870932,TSLA,BUY,6432540,5,510,0
14464140529631,AAPL,BUY,3217755,100,229,0
14467236419587,AAPL,BUY,3213665,30,259,0
14474189139626,MSFT,BUY,1745974,10,10,-1896900
14474252103309,MSFT,BUY,1745972,10,20,-1896800
14476086740817,TSLA,SELL,6433569,98,412,-1710296
14477003359687,MSFT,BUY,1745961,10,30,-1896400
14478100712704,MSFT,BUY,1745945,10,40,-1895800
14482101038900,TSLA,SELL,6433471,50,362,-2587928
14483799109156,TSLA,SELL,6433421,50,312,-3467970
14484841253027,TSLA,SELL,6433371,2,310,-3503400
14491057010568,TSLA,BUY,6432739,100,410,-2611400
14491218383969,MSFT,BUY,1745927,10,50,-1895000
14494304218489,MSFT,BUY,1745908,10,60,-1894200
14495092269016,MSFT,BUY,1745889,10,70,-1893300
14495799147985,MSFT,BUY,1745869,10,80,-1892400
14497297986103,AAPL,BUY,3213618,100,359,0
14497369540365,TSLA,BUY,6431269,100,510,-2011600
14497401082602,TSLA,BUY,6430534,100,610,-1584400
14501056382660,MSFT,BUY,1745849,10,90,-1891500
14502315929206,MSFT,BUY,1745829,10,100,-1890500
14504095407600,MSFT,BUY,1745809,10,110,-1889500
14504763698253,TSLA,SELL,6431397,7,603,-1654758
14507395958740,MSFT,BUY,1745789,10,120,-1888500
14507877195452,MSFT,BUY,1745769,10,130,-1887500
14507940206000,MSFT,BUY,1745749,10,140,-1886500
14508892340775,MSFT,BUY,1745729,10,150,-1885500
14512468496775,MSFT,BUY,1745709,10,160,-1884500
14513003214722,MSFT,BUY,1745689,10,170,-1883500
14515864503250,MSFT,BUY,1745669,20,190,-1881700
14522886418196,MSFT,BUY,1745639,20,210,-1879900
14524715197841,MSFT,BUY,1745604,20,230,-1878100
14527232033154,MSFT,BUY,1745567,20,250,-1876300
14529003873529,MSFT,BUY,1745528,20,270,-1874500
14530090183725,TSLA,BUY,6430174,45,648,-1492884
14532280588742,MSFT,BUY,1745489,20,290,-1872700
14533003297114,MSFT,BUY,1745449,20,310,-1870800
14536033702945,MSFT,BUY,1745409,20,330,-1868900
14536588659522,AAPL,BUY,3211136,100,459,0
14537003345955,MSFT,BUY,1745369,20,350,-1867000
14539160939099,MSFT,BUY,1745329,20,370,-1865100
14553486919238,MSFT,BUY,1745289,49,419,-1860800
14554105104623,MSFT,BUY,1745220,49,468,-1856600
14555493724286,MSFT,BUY,1745137,49,517,-1852400
14556109357916,MSFT,BUY,1745046,49,566,-1848200
14556717738582,MSFT,BUY,1744952,49,615,-1843900
14557608627159,MSFT,BUY,1744856,49,664,-1839500
14561142553704,TSLA,BUY,6430132,62,710,-1302858
14562294941243,MSFT,BUY,1744759,79,743,-1832600
14562357473252,MSFT,BUY,1744631,79,822,-1825800
14562358209426,MSFT,BUY,1744488,79,901,-1819000
14562910824146,MSFT,BUY,1744338,79,980,-1812000
14568428254459,TSLA,BUY,6430049,100,810,-1055493
14569454687509,MSFT,BUY,1744184,9,989,-1811100
14578822600575,TSLA,BUY,6425985,95,905,-782874
14581668469631,TSLA,BUY,6425732,34,939,-696762
14599365018775,MSFT,BUY,1744098,99,1088,-1801800
14608689384405,TSLA,BUY,6425572,12,951,-667368
14611320454422,TSLA,BUY,6425480,100,1051,-447120
14621715350355,GOOGL,BUY,14418877,30,57,0
14624313354371,GOOGL,BUY,14418876,10,67,0
14624799627821,AAPL,BUY,3210372,100,559,0
14625924219936,GOOGL,BUY,14418875,29,96,0
14628499160914,GOOGL,BUY,14418874,3,99,0
14631351470137,AAPL,BUY,3210086,100,659,0
14633501938067,GOOGL,BUY,14418873,5,104,0
14636729645925,GOOGL,BUY,14418872,21,125,0
14648817614758,GOOGL,BUY,14418871,20,145,0
14670576171695,TSLA,SELL,6416412,10,1041,-639065
14684642618647,AMZN,BUY,18539969,15,35,0
14691425566523,GOOGL,BUY,14418870,14,159,0
14695081869896,GOOGL,BUY,14418869,17,176,0
14697364469592,GOOGL,BUY,14418868,6,182,0
14699137499109,GOOGL,BUY,14418867,25,207,0
14702736400684,AAPL,BUY,3209836,81,740,0
14703356384843,GOOGL,BUY,14418866,6,213,0
14706393861408,GOOGL,BUY,14418865,43,256,0
14708036749352,GOOGL,BUY,14418864,23,279,0
14710475536723,GOOGL,BUY,14418863,5,284,0
14712339671581,GOOGL,BUY,14418862,29,313,0
14715713598867,GOOGL,BUY,14418861,7,320,0
14716952054607,GOOGL,BUY,14418860,3,323,0
14719135984402,AMZN,BUY,18539944,5,40,0
14753137800973,GOOGL,BUY,14418859,2,325,0
14780653777820,AMZN,BUY,18539927,13,53,0
14791010721297,GOOGL,BUY,14418858,11,336,0
14797871686146,GOOGL,BUY,14418857,12,348,0
14805736753107,TSLA,SELL,6412792,50,991,-1779288
14807141441042,GOOGL,BUY,14418856,2,350,0
14808822228548,AAPL,SELL,3210495,100,640,-277000
14811245085630,TSLA,BUY,6410750,2,993,-1765671
14816939107894,GOOGL,BUY,14418855,15,365,0
14848017729264,TSLA,BUY,6410749,100,1093,-1159848
14860395748384,GOOGL,BUY,14418854,19,384,0
14882895825301,GOOGL,BUY,14418851,6,390,0
14922775096010,GOOGL,BUY,14418850,22,412,0
14930093771047,AAPL,SELL,3211495,100,540,-454000
14935698565511,TSLA,SELL,6375795,100,993,-6907674
14942560933060,AMZN,BUY,18539905,15,68,0
14944584460961,TSLA,SELL,6377798,29,964,-8516772
14948956240865,TSLA,BUY,6375296,100,1064,-6358968
14960288633623,TSLA,SELL,6375737,82,982,-10630242
14963130001410,TSLA,SELL,6375655,10,972,-11152264
14968405694889,TSLA,BUY,6373691,100,1072,-8687864
14973415112084,TSLA,SELL,6375654,29,1043,-10054616
14990829405560,GOOGL,BUY,14418849,9,421,0
15005975973764,GOOGL,BUY,14418848,16,437,0
15022454142092,GOOGL,BUY,14418847,16,453,0
15094135357017,AAPL,SELL,3212395,100,440,-541200
15112662004411,GOOGL,BUY,14418846,1,454,0
15120206888995,TSLA,SELL,6371398,100,943,-15192391
15130566036289,TSLA,SELL,6372498,68,875,-18611450
15141380237408,TSLA,SELL,6372730,80,795,-22614930
15141451916837,TSLA,SELL,6372715,15,780,-23366460
15141981676621,TSLA,SELL,6372700,16,764,-24168152
15143915722412,TSLA,SELL,6372684,2,762,-24268776
15145204193982,TSLA,SELL,6372682,15,747,-25020888
15148892673646,TSLA,SELL,6372667,100,647,-30032222
15149540795081,TSLA,SELL,6372574,16,631,-30836297
15151447661804,TSLA,SELL,6372558,16,615,-31640490
15152448526311,TSLA,SELL,6372542,16,599,-32444321
15152982120256,TSLA,SELL,6372526,14,585,-33148050
15153850285628,TSLA,SELL,6372512,2,583,-33249264
15156438088209,TSLA,SELL,6372510,14,569,-33953642
15157620028004,TSLA,SELL,6372496,16,553,-34758619
15158487221916,TSLA,SELL,6372480,16,537,-35563572
15159349897642,TSLA,SELL,6372464,14,523,-36268038
15160249721298,TSLA,SELL,6372450,14,509,-36973129
15160998490109,TSLA,SELL,6372436,10,499,-37476642
15162421920187,TSLA,SELL,6372426,46,453,-39793329
15162614917806,TSLA,SELL,6372380,16,437,-40599819
15163173233882,TSLA,SELL,6372364,15,422,-41356058
15163867702539,TSLA,SELL,6372349,100,322,-46399002
15164311982143,TSLA,SELL,6372256,50,272,-48925968
15164780917248,TSLA,SELL,6372206,15,257,-49684693
15167880040657,TSLA,SELL,6372191,16,241,-50495277
15168185150807,TSLA,SELL,6372175,15,226,-51254948
15168784348415,TSLA,SELL,6372160,16,210,-52065450
15169234605826,GOOGL,BUY,14418845,18,472,0
15171727862628,TSLA,SELL,6372144,16,194,-52876494
15171960761404,TSLA,SELL,6372128,20,174,-53890452
15172193542553,TSLA,SELL,6372108,39,135,-55867125
15172228753492,TSLA,SELL,6372069,14,121,-56577163
15173058641240,TSLA,SELL,6372055,100,21,-61649262
15173621965405,TSLA,SELL,6371991,15,6,-62411748
15174161751344,TSLA,SELL,6371976,15,0,-63174216
15277872833036,GOOGL,BUY,14418844,2,474,0
15321882800187,GOOGL,BUY,14418843,2,476,0
15366330641256,GOOGL,BUY,14418842,64,540,0
15392058031755,GOOGL,BUY,14418841,9,549,0
15420178033622,GOOGL,BUY,14418840,3,552,0
15434937255604,GOOGL,BUY,14418813,5,557,0
15886213133400,AAPL,SELL,3216195,13,427,-503304
15890926705904,AAPL,SELL,3216232,33,394,-405512
15894885444650,AAPL,SELL,3216215,60,334,-228578
15900244701380,AAPL,SELL,3216155,20,314,-170826
15902024783517,AAPL,SELL,3216135,30,284,-84816
15924184620777,AAPL,SELL,3216105,30,254,0
15926981022798,AAPL,SELL,3216075,30,224,84108
15931236187458,AAPL,SELL,3216045,30,194,167076
15935949534180,AAPL,SELL,3216015,30,164,249408
15936477220082,AAPL,SELL,3215985,30,134,330876
15936991624172,AAPL,SELL,3215955,30,104,411492
15937584860086,AAPL,SELL,3215925,30,74,490842
15938116597386,AAPL,SELL,3215895,30,44,569328
15939236453124,AAPL,SELL,3215865,30,14,646866
15942605010522,AAPL,SELL,3215835,30,0,723492
15946907408408,AMZN,BUY,18539879,100,168,0
16273677727911,TSLA,BUY,6429989,100,100,-74496120
16307659554343,TSLA,BUY,6429295,10,110,-74395704
16350775251477,TSLA,SELL,6429524,31,79,-74409600
16441595226149,GOOGL,BUY,14418794,33,590,0
16450571776594,GOOGL,BUY,14418752,14,604,0
16490171016656,TSLA,BUY,6429325,100,179,-73872000
16646097399510,TSLA,BUY,6429225,10,189,-73840000
16650042529468,AAPL,BUY,3217489,100,100,-2469852
16651892184702,AAPL,BUY,3217345,90,190,-2417688
16666425981078,TSLA,BUY,6429180,28,217,-73758400
16693095624784,AAPL,BUY,3217227,54,244,-2385180
16696660603524,AAPL,BUY,3217114,34,278,-2360232
16697750365451,AAPL,BUY,3217024,14,292,-2348136
16704619570266,TSLA,BUY,6429018,35,252,-73646400
16720799343654,AAPL,BUY,3216965,1,293,-2346624
16733584509139,TSLA,BUY,6428669,100,352,-73291200
16743756473045,AAPL,BUY,3216934,1,294,-2345112
16753748253487,AAPL,BUY,3216918,1,295,-2343600
16755869432869,AAPL,BUY,3216909,1,296,-2342088
16761928454304,TSLA,BUY,6427643,23,375,-73134400
16770256942067,TSLA,BUY,6427642,100,475,-72633600
16776778756568,TSLA,BUY,6426121,23,498,-72433600
16786945146844,TSLA,BUY,6426118,100,598,-71744000
16794027496244,AAPL,BUY,3216903,16,312,-2325456
16805188123285,TSLA,BUY,6423197,100,698,-70582400
16818897801481,TSLA,BUY,6420697,8,706,-70457600
16914686363304,TSLA,BUY,6420487,71,777,-69438400
16919326299132,TSLA,BUY,6420311,2,779,-69411200
16920376942393,TSLA,BUY,6420221,2,781,-69384000
16922564465361,AAPL,BUY,3216883,96,408,-2251368
16938487070897,TSLA,BUY,6420174,5,786,-69315200
16938823895635,GOOGL,BUY,14417698,34,638,0
16953300681767,TSLA,BUY,6420146,2,788,-69288000
16957740904809,AAPL,BUY,3216687,100,508,-2175012
16958324257757,AAPL,BUY,3216287,30,538,-2140236
16970454774709,TSLA,BUY,6420130,2,790,-69260800
16985264717626,TSLA,BUY,6420120,14,804,-69076800
16987978101387,TSLA,BUY,6420101,29,833,-68715200
16990860926420,GOOGL,BUY,14417157,10,648,0
16992417750863,GOOGL,BUY,14417025,32,680,0
16997310371973,TSLA,BUY,6420062,41,874,-68241600
17002509702598,GOOGL,BUY,14416377,26,706,0
17004956697139,TSLA,BUY,6420002,1,875,-68230400
17009988423344,GOOGL,BUY,14416027,3,709,0
17011599300261,GOOGL,BUY,14415849,14,723,0
17016797372355,GOOGL,BUY,14415746,10,733,0
17026937242679,GOOGL,BUY,14415485,11,744,0
17037813954126,GOOGL,BUY,14415343,3,747,0
17054260862312,TSLA,BUY,6419970,32,907,-67886400
17058591334423,TSLA,BUY,6419923,71,978,-67196800
17058979160929,TSLA,BUY,6419828,61,1039,-66670400
17063692419087,AAPL,BUY,3215707,54,592,-2047248
17066966159284,GOOGL,BUY,14415269,36,783,0
17079482878404,GOOGL,BUY,14415196,33,816,0
17096612920686,GOOGL,BUY,14415127,11,827,0
17149799255007,GOOGL,BUY,14414381,2,829,0
17358918025253,AMZN,BUY,18524827,4,172,0
18080737301934,GOOGL,BUY,14409916,33,862,0
18097635574156,GOOGL,BUY,14409583,17,879,0
18107511249263,GOOGL,BUY,14409507,18,897,0
18525371474972,GOOGL,BUY,14408951,24,921,0
19013353564500,GOOGL,BUY,14407624,10,931,0
19022297749805,TSLA,SELL,6395478,15,1024,-67114555
19042181462221,AMZN,BUY,18524826,22,194,0
19045295110057,TSLA,SELL,6395195,15,1009,-67563500
19047338408057,TSLA,SELL,6395132,15,994,-68014170
19047365214210,TSLA,BUY,6393117,15,1009,-67231150
19047446541594,TSLA,SELL,6395130,15,994,-67674880
19049128569318,TSLA,SELL,6395122,15,979,-68118900
19049318792452,TSLA,SELL,6395107,15,964,-68561610
19050308756893,TSLA,BUY,6393154,60,1024,-65445250
19052077086772,TSLA,SELL,6395082,15,1009,-65860740
19052437507874,TSLA,SELL,6395034,15,994,-66276760
19052785019288,TSLA,BUY,6393018,14,1008,-65564680
19054246682523,GOOGL,BUY,14407014,24,955,0
19061928681922,GOOGL,BUY,14406940,6,961,0
19063669085392,TSLA,SELL,6395039,5,1003,-65701800
19067690425424,GOOGL,BUY,14406904,27,988,0
19068250205087,TSLA,SELL,6395035,15,988,-66113040
19070331847529,TSLA,BUY,6393033,14,1002,-65399640
19081089272472,AMZN,BUY,18524825,11,205,0
19083528448493,AAPL,BUY,3214303,11,603,-2010960
19085981989905,GOOGL,BUY,14406857,15,1003,0
19100821406922,AAPL,BUY,3214242,41,644,-1883196
19107533485193,AAPL,BUY,3214151,28,672,-1802304
19112626863360,AMZN,BUY,18524824,14,219,0
19115961811509,TSLA,SELL,6394716,15,987,-65808990
19121297208705,TSLA,SELL,6394650,15,972,-66219240
19121388988286,TSLA,BUY,6392681,15,987,-65431590
19121674237803,AAPL,SELL,3215427,30,642,-1838454
19143827935968,TSLA,SELL,6394657,6,981,-65593008
19144298479467,TSLA,SELL,6394655,15,966,-65996559
19148996519075,TSLA,BUY,6392698,14,980,-65258667
19149924727041,TSLA,SELL,6394654,15,965,-65655324
19156036313575,TSLA,SELL,6394646,15,950,-66053133
19156481853552,TSLA,SELL,6394631,15,935,-66450348
19156722136691,TSLA,SELL,6394616,15,920,-66848865
19156804559336,AAPL,BUY,3214116,30,672,-1750422
19156992457564,TSLA,SELL,6394601,15,905,-67246908
19157613195742,TSLA,SELL,6394586,15,890,-67644522
19157983659570,TSLA,SELL,6394571,15,875,-68043648
19158414155590,TSLA,SELL,6394556,15,860,-68442465
19162724264381,TSLA,SELL,6394541,15,845,-68841018
19162994572915,TSLA,SELL,6394526,15,830,-69241293
19167852135231,TSLA,BUY,6392841,15,845,-68266911
19171177398607,TSLA,SELL,6394533,4,841,-68372585
19171561262274,AAPL,BUY,3214086,8,680,-1727628
19190587710877,TSLA,BUY,6392841,6,847,-67989420
19193432677951,AAPL,BUY,3214071,28,708,-1652958
19200445455002,AMZN,BUY,18524823,4,223,0
19202295101974,TSLA,SELL,6394539,7,840,-68171648
19202464298486,TSLA,SELL,6394535,15,825,-68559785
19202514353976,TSLA,SELL,6394520,15,810,-68947834
19202925749827,TSLA,SELL,6394505,14,796,-69311100
19203125084891,TSLA,SELL,6394491,15,781,-69701260
19203916025751,TSLA,SELL,6394476,15,766,-70091496
19204416616977,TSLA,SELL,6394461,15,751,-70481853
19204854133588,TSLA,SELL,6394446,15,736,-70872376
19205397804573,TSLA,SELL,6394431,15,721,-71263110
19205477909587,TSLA,SELL,6394416,15,706,-71654100
19205557986057,TSLA,SELL,6394401,15,691,-72045391
19205638085859,TSLA,SELL,6394386,15,676,-72437028
19205808297871,TSLA,SELL,6394371,15,661,-72829056
19205898404188,TSLA,SELL,6394356,15,646,-73221520
19205988511369,TSLA,SELL,6394341,15,631,-73612304
19206178747550,TSLA,SELL,6394326,15,616,-74003584
19206378981004,TSLA,SELL,6394311,15,601,-74395405
19206839518362,TSLA,SELL,6394296,15,586,-74787812
19207128643400,TSLA,SELL,6394281,15,571,-75180850
19208376355498,TSLA,SELL,6394266,15,556,-75574564
19208492941177,AAPL,BUY,3214036,18,726,-1607370
19208831893464,TSLA,SELL,6394251,15,541,-75966748
19209102202176,TSLA,SELL,6394236,15,526,-76359668
19210841578012,TSLA,BUY,6393159,15,541,-74648838
19220552664776,TSLA,BUY,6393151,6,547,-73989432
19222150753178,TSLA,SELL,6394245,10,537,-74240844
19223888540456,TSLA,BUY,6393156,15,552,-72620332
19249498356115,AAPL,SELL,3214831,10,716,-1622248
19263263602946,AAPL,SELL,3215221,3,713,-1625965
19263787234999,TSLA,SELL,6394258,10,542,-72866250
19263839311675,TSLA,SELL,6394251,15,527,-73233927
19264480076947,TSLA,SELL,6394236,15,512,-73600164
19272379385529,TSLA,SELL,6394221,15,497,-73967292
19272534578203,TSLA,SELL,6394206,15,482,-74335356
19276484234636,TSLA,SELL,6394191,15,467,-74702040
19277993289856,TSLA,SELL,6394176,15,452,-75069720
19278795695423,TSLA,BUY,6393247,100,552,-64142496
19278869355942,TSLA,BUY,6393106,5,557,-63695808
19282155934831,AMZN,BUY,18524822,9,232,0
19302778062212,TSLA,BUY,6393086,5,562,-63256248
19304139835032,TSLA,SELL,6394205,13,549,-63509176
19305754249372,TSLA,BUY,6393091,15,564,-62202393
19344443292844,TSLA,BUY,6393076,84,648,-55995771
19346135717054,TSLA,BUY,6392987,13,661,-55171566
19357451626585,TSLA,BUY,6392930,14,675,-54316304
19384487854874,TSLA,BUY,6392887,3,678,-54137129
19392503866481,TSLA,BUY,6392863,52,730,-51265551
19404827199408,AAPL,SELL,3215368,43,670,-1667160
19408953178358,AMZN,BUY,18524821,2,234,0
19409752900644,TSLA,BUY,6392788,10,740,-50756694
19416654535853,TSLA,BUY,6392752,54,794,-48226743
19418374495789,AAPL,BUY,3214009,30,700,-1583802
19437169052726,TSLA,BUY,6392652,3,797,-48095348
19438955376995,TSLA,BUY,6392634,100,897,-44213223
19441291661710,TSLA,BUY,6392508,13,910,-43766480
19461968283201,TSLA,BUY,6392464,54,964,-42034455
19468404536850,AAPL,SELL,3215393,3,697,-1586910
19483603455272,TSLA,BUY,6392418,30,994,-41150525
19517876712895,AMZN,BUY,18524820,7,241,0
19519588945068,TSLA,BUY,6392364,9,1003,-40892513
19537251620816,AMZN,BUY,18524819,5,246,0
19541384804021,TSLA,SELL,6394216,15,988,-41043492
19543851853997,TSLA,BUY,6392215,85,1073,-38762096
19550264927354,TSLA,SELL,6394293,18,1055,-38923962
19562117350668,TSLA,SELL,6394314,8,1047,-38996640
19576718982006,AAPL,SELL,3214802,4,693,-1592724
19578701379718,AMZN,BUY,18524818,10,256,0
19619442292982,TSLA,SELL,6394104,15,1032,-39134670
19621105459806,TSLA,SELL,6394077,15,1017,-39273900
19621325719704,TSLA,SELL,6394060,15,1002,-39411900
19623902449125,AMZN,BUY,18524817,2,258,0
19630350067246,AMZN,BUY,18524816,25,283,0
19633255060773,TSLA,SELL,6394014,15,987,-39551160
19638443958264,TSLA,BUY,6392015,15,1002,-39130350
19656186244204,AMZN,BUY,18524815,15,298,0
19662798680379,TSLA,SELL,6394021,5,997,-39176490
19677455473508,TSLA,SELL,6394020,15,982,-39314130
19679979520725,TSLA,SELL,6394005,32,950,-39604360
19680766166462,TSLA,SELL,6393973,15,935,-39740894
19696169159546,TSLA,BUY,6392078,16,951,-39267849
19704317666054,AMZN,BUY,18524814,5,303,0
19718553622525,TSLA,SELL,6393981,3,948,-39296000
19725069337948,TSLA,SELL,6393982,5,943,-39341970
19727404065461,AMZN,BUY,18524813,18,321,0
19727524809391,TSLA,BUY,6392082,14,957,-38934135
19738667834737,AMZN,BUY,18524812,7,328,0
19746133745054,TSLA,SELL,6393992,9,948,-39014118
19746203831281,TSLA,SELL,6393988,15,933,-39145680
19746263905060,TSLA,SELL,6393973,15,918,-39278736
19746333985607,TSLA,SELL,6393958,15,903,-39410712
19746484169542,TSLA,SELL,6393943,15,888,-39544242
19746634346054,TSLA,SELL,6393928,15,873,-39676722
19746794532037,TSLA,SELL,6393913,15,858,-39810816
19747335166608,TSLA,SELL,6393898,15,843,-39943890
19747435287420,TSLA,SELL,6393883,15,828,-40078638
19747800151553,TSLA,SELL,6393868,15,813,-40212396
19747880809375,TSLA,SELL,6393853,15,798,-40347888
19748578636237,AMZN,BUY,18524811,1,329,0
19748701775406,TSLA,SELL,6393838,15,783,-40482420
19748751833369,TSLA,SELL,6393823,15,768,-40618746
19760232963377,TSLA,BUY,6392262,16,784,-40029390
19765269713872,AMZN,BUY,18524810,8,337,0
19773721571040,TSLA,SELL,6393831,37,747,-40352278
19776360062822,TSLA,BUY,6392294,16,763,-39752213
19789319059307,TSLA,SELL,6393829,15,748,-39881678
19791051114194,TSLA,SELL,6393814,15,733,-40010243
19796390701024,TSLA,BUY,6392323,15,748,-39443222
19797611160387,AMZN,BUY,18524809,13,350,0
19800404932421,GOOGL,SELL,14402116,27,976,-385425
19809547043360,TSLA,SELL,6393821,10,738,-39526422
19809877434293,TSLA,SELL,6393815,15,723,-39653318
19818600997575,TSLA,SELL,6393800,15,708,-39779344
19824404649338,TSLA,SELL,6393785,15,693,-39904500
19824874207883,TSLA,SELL,6393770,15,678,-40031677
19825354791066,AMZN,BUY,18524808,3,353,0
19825785297956,TSLA,SELL,6393755,15,663,-40158014
19831497064221,AMZN,BUY,18524807,8,361,0
19832565870921,TSLA,SELL,6393740,50,613,-40577012
19835036268174,TSLA,SELL,6393690,15,598,-40705671
19835641971101,TSLA,SELL,6393675,15,583,-40833550
19837593779899,AMZN,BUY,18524806,3,364,0
19838030333155,TSLA,SELL,6393660,15,568,-40960649
19842116350814,TSLA,BUY,6392499,14,582,-40267418
19850392443829,TSLA,SELL,6393666,5,577,-40310460
19851155630415,TSLA,SELL,6393664,15,562,-40436085
19854818070000,TSLA,BUY,6392515,7,569,-40085649
19861506662986,AMZN,BUY,18524805,5,369,0
19862167450499,TSLA,SELL,6393662,15,554,-40208784
19864600470582,TSLA,SELL,6393647,50,504,-40614846
19868959610459,TSLA,SELL,6393597,15,489,-40737837
19870398414517,TSLA,BUY,6392594,19,508,-39674194
19933534559750,AAPL,SELL,3214548,15,678,-1618272
19947848944355,AAPL,SELL,3214707,1,677,-1620145
19949613340703,TSLA,SELL,6393608,5,503,-39713316
19952886342605,TSLA,BUY,6392593,98,601,-35246888
19966701589162,AMZN,BUY,18524804,4,373,0
19993697569279,TSLA,BUY,6392447,2,603,-35169238
19998974926973,AMZN,BUY,18524803,9,382,0
20000631706520,TSLA,BUY,6392419,3,606,-35051210
20003404966028,TSLA,BUY,6392402,100,706,-31746426
20012019414510,AMZN,BUY,18524802,14,396,0
20017782224236,AMZN,BUY,18524801,13,409,0
20030379524482,TSLA,BUY,6392268,11,717,-31432720
20034531663793,AMZN,BUY,18524800,14,423,0
20045414783235,AMZN,BUY,18524799,14,437,0
20048002861890,AMZN,BUY,18524798,4,441,0
20063140293539,AMZN,BUY,18524797,4,445,0
20112513530569,TSLA,BUY,6392242,2,719,-31373706
20133892763348,TSLA,BUY,6392234,9,728,-31122120
20175908682798,TSLA,SELL,6393687,20,708,-31222488
20176577475781,TSLA,SELL,6393673,50,658,-31474160
20181441351514,TSLA,BUY,6392297,50,708,-30048136
20207969402730,TSLA,BUY,6392279,6,714,-29889336
20245705696887,TSLA,BUY,6392264,9,723,-29654312
20248924906831,GOOGL,BUY,14399219,9,985,-381186
20268174256045,AMZN,BUY,18524796,7,452,0
20270209189955,TSLA,BUY,6392249,10,733,-29400232
20284525027374,AMZN,BUY,18524795,12,464,0
20289454424799,AMZN,BUY,18524794,7,471,0
20297715430104,TSLA,SELL,6393707,9,724,-29438955
20318136999410,GOOGL,SELL,14400999,13,972,-579280
20337826369522,TSLA,SELL,6393707,14,710,-29501178
20344337059129,TSLA,BUY,6392263,5,715,-29370019
20348766375424,AAPL,SELL,3214785,10,667,-1634500
20355741638667,AMZN,BUY,18524793,10,481,0
20367136855786,TSLA,SELL,6393702,49,666,-29579536
20368125442201,TSLA,SELL,6393653,15,651,-29644355
20373386680936,TSLA,SELL,6393638,15,636,-29711792
20376280083649,TSLA,SELL,6393623,15,621,-29778599
20381580464239,AMZN,BUY,18524792,15,496,0
20385497517223,TSLA,SELL,6393608,49,572,-29994450
20385583208960,TSLA,SELL,6393559,15,557,-30061935
20388381734649,TSLA,BUY,6392420,14,571,-29605383
20401031624255,GOOGL,SELL,14401086,3,969,-624747
20401623486664,AMZN,BUY,18524791,9,505,0
20408451599130,TSLA,BUY,6392413,3,574,-29508030
20414321083847,TSLA,BUY,6392407,9,583,-29226042
20433973006699,TSLA,BUY,6392395,11,594,-28893699
20456898984962,AAPL,BUY,3213470,17,684,-1574125
20471323654404,GOOGL,SELL,14400633,2,967,-655965
20472560122202,AAPL,SELL,3214824,14,670,-1593088
20472633208555,AAPL,SELL,3214822,15,655,-1613640
20476029965862,TSLA,SELL,6393576,20,574,-28974660
20487982309490,AAPL,SELL,3214807,15,640,-1633982
20488257117577,TSLA,BUY,6392406,54,628,-27465141
20490029725423,AAPL,SELL,3214792,15,625,-1655048
20490098982453,TSLA,BUY,6392352,3,631,-27387470
20490168879779,AAPL,SELL,3214777,15,610,-1675934
20490195910428,AAPL,SELL,3214762,15,595,-1697604
20490287016806,AAPL,SELL,3214747,15,580,-1719124
20494668949138,TSLA,BUY,6392328,11,642,-27107179
20499130456443,AAPL,SELL,3214732,15,565,-1740494
20499350727735,AAPL,SELL,3214717,15,550,-1762723
20499519959372,TSLA,BUY,6392305,38,680,-26208897
20500128950780,AAPL,SELL,3214702,15,535,-1784832
20500421977434,AAPL,SELL,3214687,15,520,-1806821
20501257966061,AAPL,SELL,3214672,15,505,-1829744
20501458199195,AAPL,SELL,3214657,15,490,-1852577
20501908726678,AAPL,SELL,3214642,15,475,-1875320
20502429349604,AMZN,BUY,18524790,14,519,0
20504674025694,GOOGL,BUY,14398954,14,981,-644850
20506260226363,TSLA,BUY,6392227,4,684,-26117718
20506838237937,AAPL,SELL,3214627,45,430,-1944138
20509234504770,AAPL,SELL,3214582,15,415,-1967680
20511040646842,TSLA,SELL,6393590,10,674,-26151027
20513207923861,TSLA,BUY,6392229,49,723,-25111218
20536193827378,TSLA,BUY,6392180,40,763,-24352530
20536774341705,TSLA,BUY,6392117,40,803,-23658195
20536774971767,TSLA,BUY,6392045,38,841,-23048535
20536778656965,AAPL,BUY,3213727,30,445,-1781208
20554975769271,AMZN,BUY,18524789,4,523,0
20560692290716,AAPL,BUY,3213513,20,465,-1658800
20576699483598,AMZN,BUY,18524788,9,532,0
20587371809569,AMZN,BUY,18524787,12,544,0
20594767559518,AAPL,SELL,3213970,16,449,-1690120
20615796426026,TSLA,BUY,6391949,55,896,-22239042
20617333770970,TSLA,BUY,6391868,55,951,-21507450
20630476190625,TSLA,BUY,6391773,5,956,-21443097
20635532348842,TSLA,BUY,6391681,15,971,-21250038
20642487121039,TSLA,BUY,6391659,6,977,-21172137
20643411321191,AAPL,BUY,3213131,13,462,-1599640
20643466825658,TSLA,SELL,6393606,24,953,-21213009
20643466889697,AMZN,BUY,18524786,14,558,0
20643747146654,GOOGL,SELL,14400779,7,974,-751348
20646538087054,TSLA,BUY,6391674,16,969,-21008349
20653016259062,TSLA,BUY,6391666,2,971,-20981061
20666487279670,TSLA,BUY,6391660,3,974,-20943540
20674085791948,AMZN,BUY,18524785,6,564,0
20675713897720,GOOGL,BUY,14398887,4,978,-747708
20683246820781,AMZN,BUY,18524784,11,575,0
20684147703516,TSLA,BUY,6391654,7,981,-20854854
20693064092219,GOOGL,BUY,14398850,11,989,-737828
20698487134307,TSLA,BUY,6391645,11,992,-20718414
20730236207257,TSLA,BUY,6391629,2,994,-20691126
20730803314558,TSLA,SELL,6393617,5,989,-20700960
20735430456498,AMZN,BUY,18524783,1,576,0
20738017317082,TSLA,BUY,6391629,2,991,-20673632
20752689008082,AMZN,BUY,18524782,12,588,0
20754432167220,GOOGL,BUY,14398820,1,990,-736892
20757197096762,TSLA,BUY,6391627,10,1001,-20554072
20820761706143,TSLA,SELL,6392856,9,992,-20577400
20874678414577,TSLA,SELL,6392925,34,958,-20653689
20899984047754,TSLA,SELL,6392925,9,949,-20676216
20900397474220,TSLA,SELL,6392916,15,934,-20709918
20900873965764,TSLA,SELL,6392901,15,919,-20743140
20901405566911,TSLA,BUY,6391038,14,933,-20529762
20901532081835,TSLA,SELL,6392900,15,918,-20565102
20901905946930,TSLA,BUY,6391046,14,932,-20354322
20929440667005,AMZN,BUY,18524781,2,590,0
20951266866658,TSLA,BUY,6391032,57,989,-19556871
20977819816781,GOOGL,SELL,14400794,12,978,-915904
20982452416054,GOOGL,SELL,14400790,15,963,-1139733
20995187197622,GOOGL,SELL,14400775,15,948,-1363752
20997386076008,GOOGL,SELL,14400760,15,933,-1588021
20997605644659,TSLA,BUY,6390964,75,1064,-18618900
21002702056458,GOOGL,SELL,14400745,15,918,-1812508
21003839371715,TSLA,SELL,6392738,50,1014,-18705750
21102731773417,GOOGL,BUY,14398884,100,1018,-1607536
21103325021866,AMZN,BUY,18524780,8,598,0
21109595404092,TSLA,SELL,6392319,100,914,-18923058
21113743877211,GOOGL,SELL,14398046,15,1003,-1847727
21162542940823,AAPL,SELL,3213917,26,436,-1648540
21196671960200,TSLA,SELL,6395716,100,814,-18799948
21197263099692,TSLA,SELL,6399620,15,799,-18723768
21199572654426,TSLA,SELL,6399714,100,699,-18203332
21200124790604,TSLA,SELL,6400904,16,683,-18103206
21202401278094,TSLA,SELL,6400888,15,668,-18008763
21202487351108,TSLA,SELL,6400873,14,654,-17920264
21203791385287,TSLA,SELL,6400859,15,639,-17827326
21213634136691,AAPL,SELL,3213949,31,405,-1706234
21239067019566,GOOGL,SELL,14396716,10,993,-2021185
21247496703880,TSLA,SELL,6401096,58,581,-17446536
21248524777512,GOOGL,BUY,14394710,15,1008,-1978273
21249093465564,TSLA,SELL,6401134,72,509,-16967628
21249332287175,TSLA,SELL,6401081,14,495,-16879070
21250487249516,TSLA,SELL,6401067,14,481,-16789504
21253620906905,TSLA,SELL,6401053,15,466,-16694771
21254487110959,TSLA,SELL,6401038,14,452,-16603125
21255939329014,TSLA,SELL,6401024,16,436,-16501885
21256857536610,TSLA,SELL,6401008,14,422,-16412250
21259035774619,TSLA,SELL,6400994,30,392,-16216875
21259304271929,TSLA,SELL,6400964,15,377,-16119600
21260356712432,TSLA,SELL,6400949,15,362,-16025430
21270349694580,TSLA,SELL,6400934,14,348,-15939101
21271614716460,TSLA,SELL,6400920,100,248,-15298686
21276666267447,TSLA,SELL,6400834,14,234,-15213529
21277596913405,TSLA,SELL,6400820,15,219,-15122260
21278424285398,TSLA,SELL,6400805,16,203,-15024690
21279367078415,TSLA,SELL,6400789,15,188,-14931378
21283530857509,TSLA,SELL,6400774,15,173,-14837076
21287867667570,TSLA,SELL,6400759,14,159,-14751702
21287989257061,TSLA,SELL,6400745,100,59,-14127786
21289092503082,TSLA,SELL,6400659,14,45,-14044668
21290258244419,TSLA,SELL,6400645,16,29,-13948716
21290758596246,TSLA,SELL,6400629,14,15,-13863918
21293064363758,TSLA,SELL,6400615,10,5,-13802868
21295873964129,TSLA,SELL,6400605,15,0,-13715130
21370785263339,GOOGL,SELL,14396426,15,993,-2238436
21386858612446,GOOGL,SELL,14396411,15,978,-2498840
21389812030299,GOOGL,SELL,14396396,15,963,-2759456
21393860914632,GOOGL,BUY,14394445,15,978,-2701838
21478101142016,AMZN,BUY,18524779,3,601,0
21501358628711,AAPL,SELL,3214310,12,393,-1724287
21520885024845,AAPL,SELL,3214353,17,376,-1749384
21525853753481,AMZN,BUY,18524778,13,614,0
21541008608894,GOOGL,SELL,14396403,5,973,-2787194
21547432208967,GOOGL,SELL,14396402,15,958,-3043294
21551339988209,GOOGL,BUY,14394461,15,973,-2980378
21565446219347,AAPL,SELL,3214316,25,351,-1787026
21569682216162,AAPL,SELL,3214314,50,301,-1861289
21595185860395,AMZN,BUY,18524777,8,622,0
21606332271067,AMZN,BUY,18524776,3,625,0
21615384963360,AAPL,SELL,3214264,50,251,-1938594
21615722362036,AMZN,BUY,18524775,43,668,0
21619650997272,AAPL,SELL,3214214,15,236,-1962576
21621594848399,AAPL,SELL,3214199,15,221,-1986618
21633109758445,AAPL,SELL,3214184,25,196,-2027772
21633109807228,AAPL,SELL,3214159,15,181,-2053425
21638175877765,AAPL,SELL,3214144,15,166,-2079168
21660907588694,AAPL,SELL,3214129,15,151,-2105001
21662294032529,TSLA,BUY,6400953,95,95,-43434303
21662518527211,AAPL,SELL,3214114,15,136,-2130924
21696628532769,AMZN,BUY,18524774,38,706,0
21700559166467,AMZN,BUY,18524773,13,719,0
21728008426149,AMZN,BUY,18524772,3,722,0
21728208653223,AAPL,SELL,3214099,50,86,-2216448
21741112652652,TSLA,BUY,6400858,36,131,-43310454
21750224937519,AAPL,BUY,3213867,7,93,-1992192
21785407864885,AAPL,SELL,3214062,50,43,-2072902
21789765040900,AAPL,BUY,3213916,30,73,-942084
21810132618518,AAPL,BUY,3213911,20,93,-591578
21810868869069,AAPL,BUY,3213888,10,103,-463112
21813506718126,AAPL,BUY,3213856,7,110,-383812
21834325120372,GOOGL,BUY,14394453,10,983,-2939504
21843506158163,AMZN,BUY,18524771,8,730,0
21854346867061,AAPL,SELL,3213993,7,103,-388692
21864405674941,GOOGL,BUY,14394062,13,996,-2886646
21880175271053,GOOGL,BUY,14394249,23,1019,-2797194
21885272295679,AAPL,SELL,3214032,7,96,-393600
21891137807641,AAPL,BUY,3213843,4,100,-345600
21902724241847,TSLA,BUY,6400819,100,231,-43094865
21905567097550,TSLA,SELL,6400762,15,216,-43097730
21908538836673,TSLA,SELL,6400747,13,203,-43099485
21908803444947,TSLA,BUY,6400318,21,224,-42854890
21920416214618,AAPL,BUY,3213832,34,134,-51200
21926283429330,AAPL,BUY,3213808,24,158,86400
21933529953945,TSLA,BUY,6400303,100,324,-42107260
21934644368662,TSLA,SELL,6400702,15,309,-42109850
21935909823640,TSLA,BUY,6400059,100,409,-41424610
21957585670725,AAPL,BUY,3213772,14,172,153600
21967790251312,AAPL,BUY,3213740,4,176,172800
21985103562459,AAPL,BUY,3213720,24,200,272000
21997479619711,AAPL,BUY,3213686,14,214,323200
22000878708172,TSLA,SELL,6401045,6,403,-41422660
22005104380535,AAPL,BUY,3213655,4,218,337600
22021244982766,AMZN,BUY,18524770,11,741,0
22029103499672,AAPL,BUY,3213654,24,242,414400
22039138529926,AAPL,BUY,3213629,14,256,454400
22064101859707,AAPL,BUY,3213603,4,260,465600
22064280323848,AMZN,BUY,18524769,1,742,0
22084709732591,AAPL,BUY,3213586,4,264,476800
22102176602724,AAPL,BUY,3213573,24,288,539200
22118369563049,AMZN,BUY,18524768,6,748,0
22118443969869,TSLA,SELL,6401225,10,393,-41419090
22124002421250,TSLA,SELL,6401260,100,293,-41347152
22124244331424,AAPL,BUY,3213550,14,302,572800
22137341833335,AAPL,BUY,3213525,44,346,665600
22149028686153,TSLA,SELL,6403098,50,243,-41221620
22161746783890,TSLA,SELL,6403048,15,228,-41186971
22162781205244,TSLA,SELL,6403033,15,213,-41151302
22164197890567,TSLA,SELL,6403018,15,198,-41114613
22166019056798,TSLA,SELL,6403003,15,183,-41081760
22166216958731,TSLA,SELL,6402988,15,168,-41047917
22169187853713,TSLA,SELL,6402973,15,153,-41013084
22172144375055,TSLA,SELL,6402958,15,138,-40977261
22175848096418,TSLA,SELL,6402943,15,123,-40945364
22181780941944,TSLA,SELL,6402928,15,108,-40912507
22183439612956,TSLA,SELL,6402913,10,98,-40891716
22183950511550,TSLA,SELL,6402903,4,94,-40885260
22188287537357,TSLA,SELL,6402899,15,79,-40850560
22189517478008,AAPL,BUY,3213476,4,350,675200
22189751471713,TSLA,SELL,6402884,50,29,-40736310
22190238815135,TSLA,SELL,6402834,15,14,-40702500
22192002167704,TSLA,SELL,6402819,15,0,-40672800
22221966227424,AMZN,BUY,18524767,41,789,0
22230780639002,AAPL,BUY,3213447,24,374,724800
22241135703171,GOOGL,SELL,14385748,50,969,-4126056
22246665210363,AMZN,BUY,18524766,11,800,0
22258681070551,AAPL,BUY,3213409,31,405,784000
22264177991627,AMZN,BUY,18524765,11,811,0
22270562769684,AAPL,BUY,3213359,21,426,824000
22272551891651,AAPL,BUY,3213313,11,437,844800
22273236985426,AMZN,BUY,18524764,11,822,0
22277910982528,AMZN,BUY,18524605,6,828,0
22281679972959,AAPL,BUY,3213286,1,438,848000
22282200875894,GOOGL,BUY,14383750,15,984,-4010952
22294017120530,AAPL,BUY,3213272,21,459,888000
22295534493200,AAPL,BUY,3213244,11,470,908800
22305645731769,AMZN,BUY,18524419,1,829,0
22361045206475,AAPL,BUY,3213219,1,471,912000
22362129711380,AAPL,SELL,3214157,10,461,914480
22362446094244,AAPL,SELL,3214154,15,446,919750
22363458754848,GOOGL,BUY,14383756,15,999,-3899280
22370549944338,AAPL,BUY,3213237,30,476,975000
22381303427998,GOOGL,BUY,14384105,15,1014,-3792360
22404780647832,AMZN,BUY,18523825,11,840,0
22447521249766,AAPL,BUY,3213205,11,487,994500
22466827170121,TSLA,BUY,6405389,91,91,-65232720
22469615267711,GOOGL,SELL,14383946,15,999,-4199229
22470110290398,GOOGL,SELL,14383927,15,984,-4606392
22470290056775,GOOGL,BUY,14381934,15,999,-4477620
22474419940406,GOOGL,SELL,14383934,1,998,-4504355
22475870816580,AAPL,BUY,3213187,1,488,997750
22480767816430,AMZN,BUY,18523517,1,841,0
22484711185330,AAPL,BUY,3213177,21,509,1035125
22490849358377,GOOGL,SELL,14383420,7,991,-4694892
22499441229965,AMZN,BUY,18523362,81,922,0
22502781904899,AMZN,BUY,18523204,6,928,0
22507053669236,GOOGL,BUY,14381564,7,998,-4633284
22507643436508,AAPL,BUY,3213151,11,520,1054625
22520843213136,AAPL,BUY,3213127,1,521,1057875
22531126361133,TSLA,BUY,6405298,30,121,-65116800
22541478151579,AMZN,BUY,18522769,15,943,0
22545679237647,AAPL,SELL,3214089,5,516,1059500
22550926021430,AAPL,BUY,3213073,25,541,1106770
22555312011497,AAPL,SELL,3214127,10,531,1110280
22558500698915,AAPL,SELL,3214136,9,522,1113075
22558732973600,AAPL,SELL,3214131,15,507,1119872
22558797560032,AAPL,SELL,3214116,15,492,1126609
22559203527839,AAPL,SELL,3214101,15,477,1133286
22560784384520,AAPL,SELL,3214086,15,462,1138194
22560844496000,GOOGL,BUY,14381147,3,1001,-4606708
22561300461848,AAPL,SELL,3214071,15,447,1143012
22561301008116,AAPL,SELL,3214056,15,432,1147740
22562923029484,AAPL,SELL,3214041,15,417,1152378
22563814072952,AAPL,SELL,3214026,15,402,1156926
22564444830046,AAPL,SELL,3214011,15,387,1161384
22565245762085,AMZN,BUY,18522186,11,954,0
22565460107572,AAPL,SELL,3213996,15,372,1165752
22568604597163,GOOGL,SELL,14382529,2,999,-4662448
22582682435346,AAPL,SELL,3213981,50,322,1181511
22582976976058,AMZN,BUY,18521884,11,965,0
22587441098020,AAPL,SELL,3213931,15,307,1185504
22587551217367,AAPL,SELL,3213916,15,292,1189407
22587781494355,AAPL,SELL,3213901,15,277,1191326
22587911647071,AAPL,SELL,3213886,15,262,1193125
22588499358321,AAPL,SELL,3213871,15,247,1194804
22588517893372,AAPL,SELL,3213856,15,232,1196363
22591231302995,AAPL,BUY,3213367,30,262,1260350
22598060823001,AAPL,BUY,3213344,90,352,1399958
22603475084993,AMZN,BUY,18521722,1,966,0
22605448891199,AAPL,BUY,3213243,20,372,1432921
22606251329181,GOOGL,SELL,14381654,1,998,-4691205
22608470980778,GOOGL,BUY,14379874,6,1004,-4635695
22609169784911,AAPL,BUY,3213172,20,392,1469762
22612873924108,AAPL,BUY,3213117,80,472,1601614
22613326761208,GOOGL,SELL,14381773,6,998,-4806194
22619322867000,GOOGL,SELL,14381826,11,987,-5117868
22664650477026,GOOGL,SELL,14381842,1,986,-5146359
22666497644989,GOOGL,BUY,14379867,11,997,-5038154
22668415832301,TSLA,SELL,6405200,2,119,-65117430
22670972910243,GOOGL,BUY,14379852,1,998,-5028141
22671922725351,AMZN,BUY,18521640,6,972,0
22709281692852,GOOGL,BUY,14379844,6,1004,-4970324
22711008766644,AMZN,BUY,18521593,11,983,0
22714567010136,GOOGL,SELL,14381399,15,989,-5393466
22714640761667,GOOGL,BUY,14379355,15,1004,-5240690
22716590413961,GOOGL,SELL,14381372,15,989,-5657531
22716790618284,GOOGL,BUY,14379369,15,1004,-5500446
22725418856413,TSLA,SELL,6405198,23,96,-65125770
22735126121247,AAPL,BUY,3212973,5,477,1611309
22740497640518,TSLA,SELL,6405175,15,81,-65130680
22742896554497,GOOGL,SELL,14381372,33,971,-6402582
22743918686109,GOOGL,BUY,14379387,15,986,-6230426
22743939832420,GOOGL,SELL,14381361,15,971,-6634144
22745042698558,GOOGL,BUY,14379398,15,986,-6457704
22760751665456,AMZN,BUY,18521558,14,997,0
22763298705837,TSLA,SELL,6405160,15,66,-65134480
22775691544146,GOOGL,SELL,14381370,8,978,-6669563
22775806189576,GOOGL,SELL,14381367,15,963,-7066384
22777115062642,TSLA,SELL,6405145,15,51,-65142280
22781964094897,GOOGL,SELL,14381352,15,948,-7463439
22785226928891,TSLA,SELL,6405130,32,19,-65154282
22786501158776,GOOGL,BUY,14379431,15,963,-7268962
22798087076085,AMZN,BUY,18520677,14,1011,0
22802715655442,TSLA,SELL,6405098,23,0,-65161640
22809173795220,AAPL,SELL,3213926,6,471,1612405
22809731570577,AAPL,SELL,3213925,15,456,1618960
22811231591814,AAPL,SELL,3213910,15,441,1625425
22812408246524,GOOGL,BUY,14379423,28,991,-6922152
22815098019427,AAPL,SELL,3213895,15,426,1631800
22838819013168,AAPL,BUY,3213018,30,456,1687520
22890142326339,AAPL,BUY,3213010,20,476,1721350
22938779014423,AAPL,BUY,3212986,10,486,1739260
22948436601309,GOOGL,BUY,14379054,4,995,-6873423
22953751085336,AAPL,BUY,3212958,8,494,1753190
22959066029137,AAPL,BUY,3212943,100,594,1900450
22959569949053,GOOGL,BUY,14378977,11,1006,-6741284
22961076362824,AAPL,BUY,3212814,58,652,1988010
22964724652994,AAPL,BUY,3212713,18,670,2017860
22990803913101,AAPL,BUY,3212647,13,683,2041740
23001112216592,AAPL,SELL,3213977,11,672,2049024
23012693846601,AAPL,BUY,3212635,23,695,2089044
23013871643187,GOOGL,SELL,14380622,15,991,-7124622
23020204131370,GOOGL,BUY,14378615,15,1006,-6938028
23033825586218,AAPL,BUY,3212606,10,705,2107053
23044867414917,GOOGL,SELL,14380629,5,1001,-7064010
23047515514753,GOOGL,SELL,14380627,15,986,-7441326
23047745789377,GOOGL,SELL,14380612,15,971,-7818621
23048427608167,GOOGL,SELL,14380597,15,956,-8196552
23048521711721,GOOGL,SELL,14380582,15,941,-8574399
23074346487648,GOOGL,BUY,14378675,7,948,-8470080
23087632101627,AAPL,BUY,3212583,30,735,2159079
23088163363355,AAPL,BUY,3212549,20,755,2193096
23109106765693,AAPL,BUY,3212520,14,769,2217108
23111289211884,GOOGL,SELL,14380580,15,933,-8845176
23111466077461,GOOGL,SELL,14380565,15,918,-9220455
23114252742319,GOOGL,SELL,14380550,15,903,-9595896
23122333286234,AAPL,SELL,3214020,6,763,2221749
23122342423826,AAPL,SELL,3214014,15,748,2234310
23124411654346,AAPL,BUY,3212493,30,778,2286882
23130539386234,AAPL,BUY,3212470,27,805,2331366
23131382030604,GOOGL,BUY,14378719,15,918,-9348300
23148159885940,GOOGL,BUY,14378711,5,923,-9267084
23156628465526,AAPL,BUY,3212432,5,810,2341476
23164836624921,AAPL,BUY,3212408,25,835,2383938
23178713023590,AAPL,BUY,3212374,15,850,2410224
23190810525432,GOOGL,BUY,14378702,9,932,-9123828
23192627450142,AAPL,BUY,3212342,5,855,2420334
23215468507096,AAPL,BUY,3212321,29,884,2470884
23220422589489,AAPL,BUY,3212281,29,913,2519412
23225679293521,AAPL,BUY,3212232,23,936,2559852
23234521406607,AAPL,BUY,3212185,17,953,2590182
23242796903231,AAPL,BUY,3212144,7,960,2604336
23251543836830,TSLA,BUY,6405189,100,100,-64247435
23259811461813,TSLA,BUY,6404195,100,200,-61680430
23267883534928,TSLA,BUY,6403697,100,300,-59965650
23271893462691,AAPL,BUY,3212117,7,967,2618490
23287397420222,AAPL,BUY,3212088,3,970,2624556
23296290146163,AAPL,BUY,3212079,3,973,2630622
23320338118159,TSLA,SELL,6404058,15,285,-59974040
23325695453941,AAPL,BUY,3212071,23,996,2673084
23336704555234,AAPL,BUY,3212047,23,1019,2715546
23383354163985,AAPL,SELL,3213817,32,987,2744144
23383366406872,AAPL,SELL,3213750,15,972,2755908
23388302913172,AAPL,SELL,3213735,15,957,2767552
23388645647674,AAPL,BUY,3211796,40,997,2861332
23401998544771,TSLA,SELL,6404679,15,270,-59971080
23408327539592,TSLA,SELL,6404664,100,170,-59944695
23408466141050,AAPL,BUY,3211763,10,1007,2884256
23417108579689,TSLA,SELL,6405447,61,109,-59880080
23417229710420,TSLA,SELL,6405387,16,93,-59865568
23417860713510,TSLA,SELL,6405371,16,77,-59849904
23418269013329,TSLA,SELL,6405355,100,0,-59753344
23420808867628,AAPL,SELL,3213624,15,992,2894521
23420922840944,AAPL,SELL,3213609,15,977,2904636
23423762402363,AAPL,SELL,3213594,15,962,2914601
23425439410765,AAPL,SELL,3213579,15,947,2924416
23435321918097,AAPL,SELL,3213564,13,934,2933520
23436593638553,AAPL,BUY,3211673,40,974,3039213
23466525228036,AAPL,BUY,3211614,30,1004,3116865
23649249046388,AAPL,SELL,3213180,15,989,3121164
23657408932031,AAPL,BUY,3211146,30,1019,3225420
23669787215306,AAPL,SELL,3213048,15,1004,3230199
23692298976637,AAPL,SELL,3213018,15,989,3232536
23696170959694,AAPL,SELL,3213003,15,974,3234603
23696257512403,AAPL,BUY,3211030,30,1004,3347670
23757172837554,AAPL,SELL,3213010,23,981,3353280
23782549875867,AAPL,SELL,3212991,15,966,3357695
23804555081254,AAPL,SELL,3212976,15,951,3361870
23809500898765,AAPL,SELL,3212961,15,936,3365805
23811388225912,AAPL,SELL,3212946,15,921,3369500
23821341108390,AAPL,BUY,3211079,30,951,3486800
23878615954951,GOOGL,SELL,14379037,1,931,-9149610
23988106571376,AAPL,BUY,3211071,2,953,3496000
24009155588380,AAPL,SELL,3212986,15,938,3500280
24021246139516,AAPL,SELL,3212971,15,923,3504320
24021586808794,AAPL,BUY,3211100,100,1023,3851490
24130185491376,AAPL,SELL,3212278,14,1009,3846504
24396373210096,AAPL,SELL,3212864,13,996,3851338
24409891471235,AAPL,SELL,3212933,3,993,3851520
24437445629201,AMZN,SELL,18489932,1,1010,-36964
24468518851253,GOOGL,SELL,14379425,15,916,-9529400
24476906503873,AAPL,SELL,3212922,15,978,3857000
24512091455800,AMZN,SELL,18488555,1,1009,-75306
24526473683138,AMZN,SELL,18487830,1,1008,-114372
24571224477733,AAPL,SELL,3212949,13,965,3861396
24573747465557,AAPL,SELL,3212944,15,950,3866427
24579712190812,AMZN,SELL,18486826,1,1007,-154444
24625779135617,AAPL,SELL,3212205,5,945,3864840
24725542467720,AAPL,SELL,3212450,5,940,3863213
24802631468736,AAPL,BUY,3210805,1,941,3868039
24805822871132,GOOGL,BUY,14377591,12,928,-9325820
24856106405165,AMZN,SELL,18483124,2,1005,-241992
25016079091511,AAPL,SELL,3212196,10,931,3864685
